2025-06-16T15:58:01.276631,Фра Алм,"We are sorry but no appointment slots are currently available. New slots open at regular intervals, please try again later"
2025-06-16T15:58:27.399605,Фра Аст,"We are sorry but no appointment slots are currently available. New slots open at regular intervals, please try again later"
2025-06-16T16:01:12.482395,Шве Алм,23-06-2025
2025-06-16T16:01:31.177604,Шве Аст,18-06-2025
2025-06-26T23:22:17.851432,Авс Алм,"We are sorry but no appointment slots are currently available. New slots open at regular intervals, please try again later"
2025-06-26T23:22:37.990253,Авс Аст,"We are sorry but no appointment slots are currently available. New slots open at regular intervals, please try again later"
2025-06-26T23:25:07.313602,Чех Алм,08-07-2025
2025-06-26T23:25:34.945659,Чех Аст,08-07-2025
2025-06-26T23:26:50.189025,Фра Алм,"We are sorry but no appointment slots are currently available. New slots open at regular intervals, please try again later"
2025-06-26T23:27:15.143239,Фра Аст,"We are sorry but no appointment slots are currently available. New slots open at regular intervals, please try again later"
2025-06-26T23:28:42.162227,Вен Алм,31-07-2025
2025-06-26T23:29:51.118675,Ита Алм,"We are sorry but no appointment slots are currently available. New slots open at regular intervals, please try again later"
2025-06-26T23:30:08.575322,Ита Аст,"We are sorry but no appointment slots are currently available. New slots open at regular intervals, please try again later"
2025-06-26T23:31:19.607612,Лит Алм,30-06-2025
2025-06-26T23:31:43.044645,Лит Аст,03-07-2025
2025-07-03T16:15:38.031139,Лит Алм,11-07-2025
2025-07-03T16:16:01.777076,Лит Аст,10-07-2025
